"Tabela 4094 - Pessoas de 14 anos ou mais de idade, total, na força de trabalho, ocupadas, desocupadas, fora da força de trabalho, em situação de informalidade e respectivas taxas e níveis, por grupo de idade"
"Variável - Taxa de desocupação, na semana de referência, das pessoas de 14 anos ou mais de idade (%)"
"Grupo de idade";"Brasil e Unidade da Federação";"Trimestre"
"Grupo de idade";"Brasil e Unidade da Federação";"1º trimestre 2012";"2º trimestre 2012";"3º trimestre 2012";"4º trimestre 2012";"1º trimestre 2013";"2º trimestre 2013";"3º trimestre 2013";"4º trimestre 2013";"1º trimestre 2014";"2º trimestre 2014";"3º trimestre 2014";"4º trimestre 2014";"1º trimestre 2015";"2º trimestre 2015";"3º trimestre 2015";"4º trimestre 2015";"1º trimestre 2016";"2º trimestre 2016";"3º trimestre 2016";"4º trimestre 2016";"1º trimestre 2017";"2º trimestre 2017";"3º trimestre 2017";"4º trimestre 2017";"1º trimestre 2018";"2º trimestre 2018";"3º trimestre 2018";"4º trimestre 2018";"1º trimestre 2019";"2º trimestre 2019";"3º trimestre 2019";"4º trimestre 2019";"1º trimestre 2020";"2º trimestre 2020";"3º trimestre 2020";"4º trimestre 2020";"1º trimestre 2021";"2º trimestre 2021";"3º trimestre 2021";"4º trimestre 2021";"1º trimestre 2022";"2º trimestre 2022";"3º trimestre 2022";"4º trimestre 2022";"1º trimestre 2023";"2º trimestre 2023";"3º trimestre 2023"
"14 a 17 anos";"Brasil";"24,8";"22,1";"20,4";"19,6";"24,8";"22,8";"20,8";"18,6";"22,2";"20,9";"20,9";"21,1";"26,3";"24,3";"26,6";"29,0";"38,1";"38,8";"39,8";"39,8";"45,3";"43,1";"41,9";"39,2";"43,8";"42,9";"40,1";"40,4";"44,5";"42,3";"40,7";"39,3";"43,9";"43,1";"44,3";"42,8";"46,6";"43,3";"40,4";"37,2";"36,4";"33,3";"31,7";"29,0";"33,1";"29,8";"30,2"
"14 a 17 anos";"Rondônia";"18,3";"14,2";"16,5";"13,5";"12,7";"13,0";"9,8";"16,0";"12,7";"15,1";"12,3";"12,6";"17,6";"13,2";"18,9";"16,8";"20,6";"16,5";"26,4";"15,5";"26,2";"20,4";"18,0";"19,8";"27,4";"22,2";"29,1";"34,9";"25,2";"14,0";"23,4";"26,6";"35,2";"...";"...";"...";"...";"...";"...";"...";"...";"20,7";"18,6";"9,4";"4,2";"7,1";"6,4"
"14 a 17 anos";"Acre";"26,8";"27,9";"27,1";"20,5";"24,6";"23,6";"24,1";"19,2";"16,5";"18,8";"20,8";"16,5";"19,2";"22,4";"19,9";"16,9";"20,9";"30,2";"36,2";"24,7";"48,9";"38,8";"32,4";"30,8";"35,2";"45,6";"34,0";"36,0";"40,8";"38,8";"27,1";"34,4";"31,4";"...";"...";"...";"...";"...";"...";"...";"...";"36,6";"28,0";"25,9";"17,1";"17,5";"12,8"
"14 a 17 anos";"Amazonas";"23,6";"20,7";"17,0";"16,3";"26,7";"22,9";"22,6";"18,7";"23,6";"17,8";"10,3";"17,9";"20,5";"13,5";"21,4";"20,3";"26,0";"34,0";"28,9";"30,6";"32,9";"30,6";"32,0";"19,7";"22,2";"22,6";"15,0";"24,6";"29,9";"21,5";"21,1";"25,1";"26,9";"...";"...";"...";"...";"...";"...";"...";"...";"25,3";"20,9";"20,6";"18,4";"17,3";"15,2"
"14 a 17 anos";"Roraima";"32,1";"14,5";"26,6";"22,4";"30,6";"25,1";"22,1";"17,9";"27,8";"15,6";"9,1";"11,5";"23,1";"21,9";"26,2";"31,6";"36,5";"44,1";"27,0";"32,6";"37,0";"32,8";"24,9";"25,5";"34,1";"19,2";"37,5";"31,3";"50,5";"39,6";"30,4";"39,8";"46,0";"...";"...";"...";"...";"...";"...";"...";"...";"20,8";"26,2";"9,1";"25,3";"14,5";"28,3"
"14 a 17 anos";"Pará";"18,0";"12,0";"14,4";"11,8";"13,5";"14,4";"16,4";"8,1";"15,5";"13,6";"12,4";"12,3";"19,9";"15,9";"15,4";"17,0";"22,8";"23,3";"16,7";"25,5";"20,6";"23,1";"20,6";"22,0";"20,7";"18,0";"27,4";"24,1";"20,8";"22,0";"22,8";"18,4";"20,4";"...";"...";"...";"...";"...";"...";"...";"...";"20,4";"15,9";"15,5";"17,5";"19,1";"16,5"
"14 a 17 anos";"Amapá";"27,2";"34,9";"27,3";"29,3";"36,9";"41,9";"24,6";"20,4";"24,3";"18,3";"16,4";"12,0";"33,8";"42,9";"40,5";"44,3";"33,6";"55,1";"45,6";"37,9";"55,3";"41,3";"43,5";"50,9";"67,7";"65,4";"64,0";"53,8";"53,5";"35,1";"37,6";"35,5";"19,8";"...";"...";"...";"...";"...";"...";"...";"...";"18,7";"16,4";"15,7";"13,5";"32,1";"8,4"
"14 a 17 anos";"Tocantins";"23,5";"16,2";"16,5";"18,2";"31,1";"24,4";"20,1";"28,2";"24,2";"15,7";"23,6";"18,6";"28,4";"22,6";"30,5";"24,1";"29,7";"46,1";"40,0";"44,5";"43,9";"50,1";"40,8";"39,2";"49,2";"36,5";"42,8";"39,3";"30,8";"37,8";"20,6";"35,0";"45,5";"...";"...";"...";"...";"...";"...";"...";"...";"20,1";"16,8";"8,8";"23,3";"23,2";"25,0"
"14 a 17 anos";"Maranhão";"14,3";"14,8";"15,3";"14,6";"13,4";"17,8";"15,6";"8,5";"13,4";"11,7";"12,0";"12,9";"16,2";"14,9";"15,4";"13,7";"19,4";"20,0";"24,0";"24,6";"27,3";"27,6";"29,5";"20,5";"31,6";"29,6";"29,5";"28,8";"32,7";"27,1";"26,3";"23,3";"30,3";"...";"...";"...";"...";"...";"...";"...";"...";"20,6";"23,0";"14,5";"19,4";"19,2";"17,2"
"14 a 17 anos";"Piauí";"19,6";"17,9";"13,5";"8,1";"13,9";"16,0";"18,9";"12,9";"12,3";"12,9";"16,7";"11,7";"14,2";"18,9";"15,9";"19,2";"19,2";"16,6";"25,0";"19,1";"15,7";"33,7";"22,5";"23,6";"30,9";"27,9";"27,3";"18,3";"24,8";"25,7";"27,5";"22,1";"33,6";"...";"...";"...";"...";"...";"...";"...";"...";"29,9";"25,8";"23,9";"47,7";"36,3";"26,8"
"14 a 17 anos";"Ceará";"16,7";"17,7";"18,9";"17,6";"22,0";"19,4";"13,6";"12,3";"14,7";"16,2";"17,8";"15,8";"18,2";"27,2";"20,6";"24,7";"30,8";"39,1";"37,8";"36,2";"33,5";"36,3";"33,8";"28,3";"34,9";"27,3";"23,6";"42,3";"31,4";"23,5";"25,2";"21,7";"36,9";"...";"...";"...";"...";"...";"...";"...";"...";"31,4";"25,7";"18,4";"35,6";"21,6";"20,3"
"14 a 17 anos";"Rio Grande do Norte";"33,4";"23,4";"27,8";"33,8";"27,0";"31,5";"30,4";"33,6";"30,8";"28,9";"24,9";"33,2";"32,3";"35,2";"40,1";"40,5";"48,8";"38,3";"48,0";"48,9";"45,5";"40,4";"36,4";"24,8";"42,8";"40,2";"35,5";"37,7";"51,1";"42,0";"46,7";"39,2";"39,4";"...";"...";"...";"...";"...";"...";"...";"...";"42,8";"29,2";"36,3";"47,1";"26,6";"32,5"
"14 a 17 anos";"Paraíba";"22,3";"20,5";"24,7";"24,1";"21,8";"19,3";"18,5";"21,2";"18,2";"21,2";"25,2";"17,8";"17,8";"16,2";"22,8";"20,6";"24,3";"25,8";"31,8";"29,4";"40,9";"35,0";"25,7";"31,7";"37,0";"29,4";"24,7";"40,6";"32,7";"33,4";"28,8";"46,0";"45,9";"...";"...";"...";"...";"...";"...";"...";"...";"35,8";"20,9";"31,1";"24,7";"21,9";"21,4"
"14 a 17 anos";"Pernambuco";"19,8";"19,3";"16,9";"18,0";"17,2";"18,4";"18,2";"22,9";"15,5";"14,6";"18,6";"16,9";"18,5";"14,6";"20,9";"25,1";"34,1";"33,6";"36,5";"41,9";"37,4";"55,9";"49,0";"40,7";"44,3";"39,0";"41,4";"42,6";"46,9";"35,4";"45,6";"41,6";"47,3";"...";"...";"...";"...";"...";"...";"...";"...";"37,9";"45,5";"30,8";"38,9";"43,2";"30,9"
"14 a 17 anos";"Alagoas";"29,8";"24,4";"22,7";"25,5";"26,0";"19,7";"19,7";"23,0";"28,8";"25,4";"22,1";"26,2";"28,7";"26,4";"28,4";"34,5";"34,5";"38,0";"42,6";"40,1";"46,9";"45,1";"32,5";"34,4";"53,3";"51,4";"43,9";"49,3";"39,8";"44,6";"40,7";"39,4";"59,5";"...";"...";"...";"...";"...";"...";"...";"...";"36,2";"34,3";"29,4";"32,3";"31,1";"30,4"
"14 a 17 anos";"Sergipe";"20,4";"23,9";"20,6";"24,3";"19,9";"19,8";"16,2";"16,2";"21,9";"18,2";"21,0";"15,1";"18,4";"20,6";"12,9";"22,8";"17,7";"26,5";"24,8";"26,1";"29,7";"27,0";"21,4";"18,1";"36,3";"37,1";"39,0";"26,9";"32,8";"38,9";"30,5";"36,4";"34,7";"...";"...";"...";"...";"...";"...";"...";"...";"33,9";"30,4";"31,4";"25,1";"27,9";"32,4"
"14 a 17 anos";"Bahia";"27,2";"26,5";"26,0";"21,6";"26,5";"24,4";"20,4";"21,8";"28,9";"27,6";"21,7";"21,3";"28,4";"26,5";"28,9";"32,3";"40,7";"44,5";"47,9";"44,0";"47,5";"38,5";"41,7";"42,3";"40,3";"46,2";"46,6";"52,7";"49,4";"46,2";"47,6";"41,6";"53,5";"...";"...";"...";"...";"...";"...";"...";"...";"31,8";"34,6";"41,6";"39,6";"42,2";"41,6"
"14 a 17 anos";"Minas Gerais";"24,6";"21,5";"21,6";"22,5";"26,6";"24,8";"23,8";"22,1";"26,7";"26,2";"24,5";"27,3";"30,4";"28,0";"30,7";"30,2";"42,3";"40,8";"42,3";"38,5";"43,3";"45,9";"44,9";"37,8";"39,4";"41,9";"38,3";"35,7";"39,7";"35,9";"36,8";"34,9";"44,2";"...";"...";"...";"...";"...";"...";"...";"...";"29,8";"27,7";"25,3";"30,8";"26,1";"29,3"
"14 a 17 anos";"Espírito Santo";"25,0";"28,0";"23,0";"24,0";"28,3";"23,5";"21,1";"23,1";"16,9";"19,1";"21,6";"23,0";"26,6";"20,9";"20,1";"30,7";"44,4";"45,3";"43,8";"47,1";"51,5";"46,5";"41,1";"44,2";"37,3";"44,8";"45,3";"39,9";"43,8";"42,8";"40,0";"43,6";"44,3";"...";"...";"...";"...";"...";"...";"...";"...";"36,3";"37,6";"35,1";"38,0";"27,2";"28,7"
"14 a 17 anos";"Rio de Janeiro";"34,5";"25,9";"30,2";"27,1";"34,9";"23,6";"25,1";"18,1";"29,6";"21,5";"21,1";"23,0";"28,5";"24,9";"31,2";"32,8";"40,2";"48,8";"40,4";"44,3";"51,6";"54,0";"52,0";"53,1";"55,0";"60,9";"60,7";"60,5";"58,1";"58,5";"53,9";"51,4";"60,4";"...";"...";"...";"...";"...";"...";"...";"...";"43,8";"42,2";"37,5";"45,8";"42,7";"42,2"
"14 a 17 anos";"São Paulo";"31,4";"30,4";"23,6";"23,1";"33,1";"29,8";"27,2";"21,5";"25,8";"26,4";"29,3";"28,6";"34,9";"30,6";"35,2";"37,9";"53,0";"48,0";"51,4";"53,1";"60,5";"55,9";"55,2";"53,7";"61,3";"56,5";"52,1";"48,9";"59,6";"55,5";"50,9";"51,3";"55,0";"...";"...";"...";"...";"...";"...";"...";"...";"44,5";"42,2";"39,0";"42,2";"38,8";"39,3"
"14 a 17 anos";"Paraná";"20,9";"19,2";"15,9";"16,2";"20,3";"19,7";"12,6";"14,3";"15,7";"13,9";"12,6";"13,9";"21,4";"24,1";"23,4";"25,3";"34,5";"32,1";"32,7";"37,0";"43,2";"38,1";"34,7";"34,3";"38,2";"39,0";"29,7";"31,9";"39,7";"43,0";"40,3";"38,2";"35,4";"...";"...";"...";"...";"...";"...";"...";"...";"28,5";"29,5";"27,3";"32,8";"31,0";"24,4"
"14 a 17 anos";"Santa Catarina";"17,3";"13,7";"11,7";"10,7";"16,7";"12,5";"10,9";"9,4";"13,0";"10,9";"11,9";"11,0";"17,3";"17,7";"17,7";"19,9";"25,5";"31,1";"30,5";"31,0";"42,1";"34,4";"32,7";"31,8";"30,5";"29,9";"29,9";"31,9";"38,8";"32,5";"34,4";"30,7";"33,5";"...";"...";"...";"...";"...";"...";"...";"...";"18,1";"20,4";"18,3";"21,3";"19,2";"20,2"
"14 a 17 anos";"Rio Grande do Sul";"22,0";"18,6";"15,1";"15,4";"20,3";"19,6";"20,0";"19,6";"22,8";"19,4";"20,4";"19,7";"27,6";"22,8";"25,5";"30,4";"34,3";"36,6";"35,3";"33,2";"41,3";"35,2";"38,8";"36,1";"33,7";"35,5";"36,0";"35,7";"38,5";"44,1";"40,4";"33,3";"32,4";"...";"...";"...";"...";"...";"...";"...";"...";"29,6";"33,9";"23,9";"27,1";"23,9";"25,1"
"14 a 17 anos";"Mato Grosso do Sul";"31,5";"23,6";"16,4";"17,1";"16,5";"22,7";"21,7";"15,4";"9,3";"14,4";"16,0";"12,0";"22,7";"21,3";"25,2";"26,2";"33,7";"30,3";"31,6";"24,2";"31,7";"34,8";"34,0";"34,1";"36,5";"32,7";"28,4";"30,7";"39,8";"40,2";"24,0";"23,0";"28,3";"...";"...";"...";"...";"...";"...";"...";"...";"25,6";"23,0";"25,9";"29,3";"17,5";"13,3"
"14 a 17 anos";"Mato Grosso";"19,0";"13,9";"14,4";"13,5";"19,2";"14,4";"13,6";"12,5";"11,4";"14,3";"15,8";"17,6";"21,4";"20,9";"21,5";"16,8";"26,2";"31,7";"33,1";"30,6";"30,6";"27,5";"30,8";"22,0";"31,1";"26,8";"25,3";"28,9";"35,6";"33,6";"39,8";"26,5";"31,7";"...";"...";"...";"...";"...";"...";"...";"...";"20,2";"13,0";"7,9";"24,6";"11,4";"14,1"
"14 a 17 anos";"Goiás";"21,5";"15,6";"15,6";"14,8";"21,2";"20,4";"17,7";"16,5";"25,5";"22,4";"21,2";"20,1";"25,4";"22,6";"25,4";"26,7";"29,8";"42,6";"40,2";"39,3";"46,9";"45,5";"40,1";"38,0";"41,3";"43,7";"38,7";"42,4";"45,0";"43,2";"46,4";"49,5";"49,3";"...";"...";"...";"...";"...";"...";"...";"...";"30,0";"26,0";"27,7";"21,8";"22,1";"27,8"
"14 a 17 anos";"Distrito Federal";"39,0";"31,0";"41,3";"40,6";"58,4";"42,4";"41,4";"35,0";"50,6";"37,7";"44,7";"46,7";"54,7";"50,7";"43,0";"47,0";"48,2";"57,9";"55,1";"57,0";"73,9";"62,4";"64,9";"65,3";"59,5";"56,9";"52,4";"51,1";"52,4";"50,8";"57,0";"62,5";"63,7";"...";"...";"...";"...";"...";"...";"...";"...";"68,9";"61,7";"61,0";"63,1";"46,9";"65,4"
"18 a 24 anos";"Brasil";"16,1";"15,3";"14,1";"13,8";"16,0";"15,1";"14,7";"12,8";"15,3";"14,9";"14,9";"13,8";"17,1";"18,1";"19,2";"18,9";"23,6";"23,9";"25,1";"25,3";"28,1";"26,7";"25,9";"24,9";"27,5";"26,1";"25,3";"24,6";"26,6";"25,1";"25,1";"23,2";"26,3";"28,8";"30,6";"29,0";"30,0";"28,5";"25,7";"22,8";"22,8";"19,3";"18,0";"16,4";"18,0";"16,6";"16,0"
"18 a 24 anos";"Rondônia";"15,4";"12,5";"10,9";"10,7";"12,2";"10,1";"8,7";"9,7";"9,3";"7,2";"8,0";"6,3";"8,8";"8,7";"11,1";"13,8";"13,1";"16,9";"17,2";"15,7";"16,8";"18,9";"17,4";"14,5";"22,0";"16,1";"17,6";"18,3";"18,9";"17,6";"17,3";"20,5";"19,1";"...";"...";"...";"...";"...";"...";"...";"...";"14,2";"8,5";"7,6";"6,7";"4,1";"5,5"
"18 a 24 anos";"Acre";"21,8";"19,9";"19,3";"18,3";"22,1";"19,6";"17,7";"12,6";"18,6";"23,9";"16,6";"14,2";"18,5";"21,9";"20,6";"19,9";"22,5";"28,2";"27,2";"25,6";"29,9";"32,3";"32,6";"25,7";"29,3";"29,7";"28,7";"29,8";"40,2";"27,0";"27,2";"30,5";"30,7";"...";"...";"...";"...";"...";"...";"...";"...";"27,0";"21,7";"19,3";"22,3";"19,5";"14,3"
"18 a 24 anos";"Amazonas";"21,0";"17,8";"18,2";"16,5";"21,0";"21,6";"17,2";"15,3";"16,9";"17,5";"14,7";"17,0";"21,4";"22,4";"23,4";"20,3";"25,9";"27,0";"28,4";"30,5";"34,2";"30,2";"31,0";"27,7";"28,1";"28,7";"27,2";"28,9";"31,0";"29,1";"28,5";"24,0";"29,0";"...";"...";"...";"...";"...";"...";"...";"...";"21,5";"19,9";"22,0";"21,7";"18,9";"19,0"
"18 a 24 anos";"Roraima";"16,3";"11,6";"14,8";"18,2";"17,9";"18,7";"16,0";"13,8";"17,9";"13,0";"15,3";"15,3";"19,6";"16,3";"21,2";"15,8";"15,6";"14,6";"18,6";"20,8";"20,7";"21,1";"18,0";"19,8";"22,9";"25,0";"25,3";"27,5";"29,3";"27,3";"27,8";"29,3";"34,2";"...";"...";"...";"...";"...";"...";"...";"...";"9,2";"9,9";"9,4";"10,8";"9,8";"14,0"
"18 a 24 anos";"Pará";"16,5";"17,5";"16,4";"14,4";"18,0";"17,9";"15,8";"13,6";"15,7";"15,5";"13,7";"15,5";"19,9";"19,4";"18,6";"19,2";"23,1";"23,3";"24,5";"29,9";"28,4";"23,7";"22,1";"24,3";"26,1";"23,2";"24,0";"21,7";"23,5";"23,9";"24,4";"17,6";"21,3";"...";"...";"...";"...";"...";"...";"...";"...";"19,3";"17,6";"16,4";"18,9";"16,2";"15,8"
"18 a 24 anos";"Amapá";"25,0";"31,4";"28,0";"25,2";"25,9";"29,4";"23,2";"21,9";"27,2";"24,5";"28,5";"24,3";"22,5";"22,8";"24,6";"30,1";"33,2";"33,5";"33,8";"33,7";"42,7";"38,6";"39,1";"44,7";"46,9";"47,0";"37,5";"39,2";"42,0";"40,0";"37,0";"36,3";"41,6";"...";"...";"...";"...";"...";"...";"...";"...";"25,1";"22,4";"30,7";"27,8";"28,7";"27,3"
"18 a 24 anos";"Tocantins";"14,0";"13,7";"13,8";"15,1";"17,8";"14,4";"10,5";"12,6";"15,3";"16,8";"16,4";"12,5";"16,9";"16,7";"20,5";"21,3";"20,4";"22,6";"22,4";"27,2";"25,2";"20,7";"25,1";"23,3";"22,4";"24,6";"21,1";"23,5";"25,2";"21,9";"23,2";"21,2";"21,6";"...";"...";"...";"...";"...";"...";"...";"...";"13,3";"11,5";"11,5";"14,1";"11,5";"12,2"
"18 a 24 anos";"Maranhão";"16,6";"18,2";"15,1";"16,3";"20,3";"20,9";"15,1";"11,7";"13,3";"15,2";"15,3";"15,2";"19,6";"21,2";"17,6";"18,8";"24,1";"24,3";"25,0";"27,2";"28,6";"27,0";"28,4";"26,8";"30,0";"30,1";"28,4";"28,6";"31,4";"29,0";"31,5";"27,0";"33,5";"...";"...";"...";"...";"...";"...";"...";"...";"24,2";"19,7";"18,6";"22,4";"18,8";"15,4"
"18 a 24 anos";"Piauí";"17,5";"15,8";"13,9";"15,9";"18,6";"17,0";"15,5";"15,1";"16,1";"17,0";"13,8";"12,8";"16,3";"16,1";"15,3";"17,1";"21,8";"24,3";"20,2";"19,6";"23,6";"29,4";"26,9";"28,8";"25,7";"28,4";"26,0";"25,0";"25,8";"25,4";"25,6";"24,9";"29,3";"...";"...";"...";"...";"...";"...";"...";"...";"19,1";"21,1";"19,0";"25,2";"19,5";"21,1"
"18 a 24 anos";"Ceará";"16,4";"17,9";"15,9";"15,0";"18,2";"17,0";"16,5";"14,2";"16,7";"16,8";"17,3";"13,7";"17,9";"18,2";"20,6";"20,5";"22,6";"26,0";"28,7";"26,6";"30,8";"27,4";"25,9";"23,9";"28,7";"26,7";"23,3";"23,7";"26,3";"25,0";"25,1";"24,8";"29,2";"...";"...";"...";"...";"...";"...";"...";"...";"22,2";"18,6";"16,8";"21,9";"19,2";"18,5"
"18 a 24 anos";"Rio Grande do Norte";"21,4";"21,4";"21,6";"22,3";"23,2";"20,8";"21,8";"18,6";"23,2";"23,9";"23,0";"23,6";"25,0";"25,9";"27,1";"26,2";"30,5";"32,2";"32,5";"29,9";"34,2";"33,4";"25,3";"26,2";"32,4";"29,1";"27,0";"29,7";"28,9";"26,1";"29,8";"29,5";"35,4";"...";"...";"...";"...";"...";"...";"...";"...";"31,7";"24,2";"23,9";"24,5";"23,0";"20,3"
"18 a 24 anos";"Paraíba";"21,7";"20,8";"18,4";"19,8";"20,5";"17,4";"17,6";"17,2";"19,1";"19,1";"23,1";"18,3";"20,1";"22,0";"24,4";"21,8";"24,3";"25,5";"28,1";"28,2";"28,0";"25,6";"21,7";"23,2";"26,3";"25,0";"25,3";"27,3";"27,5";"30,2";"25,3";"24,7";"30,0";"...";"...";"...";"...";"...";"...";"...";"...";"27,1";"26,8";"22,4";"26,0";"23,1";"23,3"
"18 a 24 anos";"Pernambuco";"17,8";"15,0";"17,8";"17,8";"21,5";"19,3";"18,6";"15,8";"19,9";"15,5";"18,0";"14,6";"15,6";"18,5";"22,0";"23,8";"27,4";"30,1";"32,8";"33,5";"36,3";"38,7";"35,2";"36,9";"38,5";"36,1";"36,6";"33,2";"33,0";"33,4";"32,0";"27,7";"32,1";"...";"...";"...";"...";"...";"...";"...";"...";"26,4";"28,0";"24,2";"29,0";"28,6";"26,8"
"18 a 24 anos";"Alagoas";"23,4";"24,5";"24,4";"23,2";"25,3";"21,8";"22,9";"20,4";"20,2";"20,4";"20,6";"19,2";"21,6";"22,5";"23,1";"23,1";"28,1";"29,1";"29,4";"29,7";"35,2";"34,8";"31,5";"30,7";"33,2";"35,9";"32,7";"32,5";"32,5";"29,1";"34,0";"30,9";"37,8";"...";"...";"...";"...";"...";"...";"...";"...";"24,3";"20,4";"19,5";"24,1";"20,3";"17,9"
"18 a 24 anos";"Sergipe";"21,5";"22,2";"20,7";"20,0";"23,3";"21,8";"21,5";"17,9";"22,1";"21,7";"19,5";"18,7";"18,9";"20,1";"20,0";"21,4";"24,2";"25,4";"27,8";"27,9";"30,8";"25,2";"24,1";"25,4";"35,5";"33,0";"37,2";"28,1";"28,6";"31,3";"30,0";"29,9";"31,2";"...";"...";"...";"...";"...";"...";"...";"...";"25,1";"22,8";"24,8";"24,6";"21,2";"20,5"
"18 a 24 anos";"Bahia";"23,1";"21,8";"19,9";"20,1";"23,6";"19,7";"20,7";"17,2";"23,4";"20,5";"19,7";"19,0";"23,3";"24,9";"24,5";"22,5";"30,3";"29,2";"29,3";"32,3";"33,8";"31,7";"32,7";"27,5";"33,0";"31,3";"31,1";"33,6";"34,9";"34,3";"33,3";"33,1";"37,1";"...";"...";"...";"...";"...";"...";"...";"...";"30,5";"29,6";"26,7";"28,0";"25,8";"25,8"
"18 a 24 anos";"Minas Gerais";"15,7";"14,7";"12,2";"12,3";"13,7";"13,1";"13,9";"11,4";"14,4";"14,5";"15,1";"11,8";"16,8";"16,1";"17,9";"19,3";"23,0";"22,0";"22,2";"22,4";"26,4";"24,8";"25,1";"22,3";"26,4";"22,7";"20,0";"21,1";"22,5";"19,7";"21,1";"19,7";"23,7";"...";"...";"...";"...";"...";"...";"...";"...";"16,0";"13,8";"11,2";"13,3";"11,5";"12,9"
"18 a 24 anos";"Espírito Santo";"14,8";"13,2";"13,1";"13,0";"14,4";"14,3";"13,8";"12,4";"12,6";"13,1";"12,1";"12,7";"16,4";"16,7";"19,8";"22,2";"25,8";"25,3";"27,7";"27,9";"30,5";"29,6";"28,6";"25,2";"30,1";"27,3";"24,5";"23,2";"26,5";"23,2";"22,2";"22,4";"22,0";"...";"...";"...";"...";"...";"...";"...";"...";"16,7";"14,9";"14,5";"15,9";"11,4";"14,0"
"18 a 24 anos";"Rio de Janeiro";"18,4";"16,7";"16,2";"14,5";"16,6";"16,1";"16,1";"15,9";"16,8";"16,4";"15,1";"13,6";"16,5";"18,2";"20,1";"20,2";"26,6";"28,9";"29,0";"30,2";"32,2";"33,8";"31,2";"33,3";"32,1";"33,8";"33,8";"32,7";"35,5";"34,7";"32,7";"32,5";"33,2";"...";"...";"...";"...";"...";"...";"...";"...";"28,4";"29,0";"26,3";"27,6";"26,8";"26,5"
"18 a 24 anos";"São Paulo";"15,5";"15,0";"13,5";"13,4";"14,9";"15,1";"15,6";"13,8";"15,7";"15,2";"15,7";"15,2";"17,7";"20,0";"21,7";"20,3";"25,5";"25,3";"28,3";"26,5";"30,5";"28,6";"28,6";"27,3";"30,0";"28,4";"28,1";"26,3";"28,0";"26,0";"27,1";"23,4";"26,6";"...";"...";"...";"...";"...";"...";"...";"...";"18,0";"17,4";"15,7";"15,9";"16,0";"14,2"
"18 a 24 anos";"Paraná";"11,0";"11,0";"10,0";"8,7";"10,3";"9,7";"9,1";"6,5";"8,8";"10,3";"9,0";"8,2";"12,3";"13,6";"12,7";"12,2";"17,3";"16,7";"18,2";"16,0";"20,7";"18,3";"17,3";"17,2";"19,1";"18,0";"18,3";"17,8";"21,3";"18,9";"16,7";"16,6";"17,0";"...";"...";"...";"...";"...";"...";"...";"...";"12,6";"10,5";"9,8";"10,3";"9,2";"10,0"
"18 a 24 anos";"Santa Catarina";"7,1";"6,4";"5,8";"5,7";"7,7";"6,7";"5,6";"4,5";"6,1";"6,4";"6,2";"5,7";"7,9";"8,5";"9,3";"8,5";"13,0";"13,0";"12,4";"13,1";"14,9";"15,4";"13,8";"14,2";"13,5";"14,5";"13,2";"11,5";"14,2";"11,8";"10,8";"10,8";"12,6";"...";"...";"...";"...";"...";"...";"...";"...";"7,6";"6,9";"6,8";"7,8";"7,7";"6,9"
"18 a 24 anos";"Rio Grande do Sul";"11,3";"10,6";"9,5";"8,8";"11,3";"9,7";"10,1";"9,4";"11,3";"11,5";"13,6";"10,4";"13,6";"13,9";"15,7";"14,7";"18,5";"19,5";"17,7";"18,4";"19,1";"17,9";"17,9";"17,4";"19,1";"18,5";"17,0";"15,3";"18,2";"16,5";"17,4";"15,7";"18,2";"...";"...";"...";"...";"...";"...";"...";"...";"13,5";"11,6";"9,6";"11,5";"11,9";"11,4"
"18 a 24 anos";"Mato Grosso do Sul";"13,3";"13,7";"10,4";"9,2";"9,4";"8,5";"7,5";"7,2";"9,5";"6,6";"7,0";"8,3";"13,4";"12,0";"12,9";"12,6";"14,8";"15,1";"16,2";"17,7";"22,5";"19,9";"16,1";"16,4";"17,5";"16,9";"16,7";"16,0";"18,2";"18,4";"15,8";"18,2";"18,9";"...";"...";"...";"...";"...";"...";"...";"...";"10,2";"10,6";"6,8";"12,0";"9,1";"9,9"
"18 a 24 anos";"Mato Grosso";"12,7";"11,5";"10,5";"10,9";"12,2";"9,1";"7,6";"7,0";"9,0";"8,2";"7,8";"7,9";"11,3";"12,9";"13,7";"11,9";"17,6";"18,0";"16,5";"16,2";"20,9";"14,7";"19,3";"14,7";"19,1";"17,5";"15,8";"13,8";"17,6";"15,5";"14,4";"12,0";"17,6";"...";"...";"...";"...";"...";"...";"...";"...";"7,9";"6,6";"7,2";"8,5";"6,1";"5,5"
"18 a 24 anos";"Goiás";"12,5";"9,8";"8,4";"9,2";"13,9";"12,4";"9,6";"7,2";"11,1";"11,0";"10,1";"11,3";"14,4";"14,2";"13,1";"14,4";"21,7";"19,6";"21,8";"23,1";"23,1";"22,1";"20,7";"19,5";"20,6";"18,6";"19,3";"16,6";"20,3";"22,0";"22,7";"22,1";"25,4";"...";"...";"...";"...";"...";"...";"...";"...";"13,5";"11,0";"13,0";"13,3";"12,6";"10,6"
"18 a 24 anos";"Distrito Federal";"19,7";"18,6";"17,7";"17,4";"17,5";"17,9";"18,3";"17,7";"17,6";"17,1";"18,0";"19,6";"25,6";"21,5";"24,5";"21,6";"24,7";"25,4";"28,0";"30,7";"33,0";"29,2";"27,9";"28,4";"34,2";"28,3";"28,1";"28,0";"31,4";"32,1";"29,1";"27,4";"28,3";"...";"...";"...";"...";"...";"...";"...";"...";"24,9";"23,3";"21,8";"24,6";"18,9";"19,2"
"25 a 39 anos";"Brasil";"7,1";"7,0";"6,6";"6,5";"7,5";"7,1";"6,5";"5,9";"6,5";"6,2";"6,3";"6,2";"7,4";"7,8";"8,5";"8,4";"9,8";"10,2";"10,7";"11,1";"12,7";"11,9";"11,1";"10,7";"11,8";"11,3";"10,9";"10,6";"11,7";"10,9";"10,6";"10,1";"11,0";"12,7";"13,9";"13,4";"14,1";"13,2";"11,5";"10,1";"10,2";"8,3";"7,8";"7,1";"8,2";"7,4";"7,0"
"25 a 39 anos";"Rondônia";"7,6";"6,1";"5,5";"4,6";"6,0";"3,7";"4,3";"4,1";"5,0";"4,1";"3,7";"3,7";"3,7";"4,8";"6,0";"6,3";"7,9";"8,1";"8,2";"7,9";"7,2";"8,6";"8,1";"5,9";"9,5";"8,0";"8,2";"8,0";"8,2";"4,9";"8,4";"7,0";"7,8";"...";"...";"...";"...";"...";"...";"...";"...";"5,6";"3,9";"2,9";"3,4";"3,2";"2,9"
"25 a 39 anos";"Acre";"8,0";"7,3";"6,1";"7,5";"10,0";"8,5";"8,0";"7,1";"7,2";"7,8";"6,0";"5,8";"8,2";"6,7";"7,9";"5,9";"6,8";"9,5";"10,4";"11,0";"14,0";"12,8";"11,5";"11,3";"13,9";"12,1";"12,4";"11,7";"17,1";"13,8";"14,0";"12,6";"12,4";"...";"...";"...";"...";"...";"...";"...";"...";"11,3";"9,2";"10,7";"9,7";"9,8";"6,2"
"25 a 39 anos";"Amazonas";"10,2";"8,2";"9,0";"8,6";"9,5";"9,4";"7,9";"7,5";"7,6";"8,2";"6,6";"7,7";"8,4";"8,8";"9,2";"8,9";"13,0";"12,4";"12,6";"14,7";"18,4";"14,6";"15,9";"13,0";"13,3";"15,1";"13,4";"14,4";"16,3";"12,9";"13,3";"13,3";"13,9";"...";"...";"...";"...";"...";"...";"...";"...";"10,0";"9,6";"9,4";"11,0";"9,1";"10,5"
"25 a 39 anos";"Roraima";"6,7";"5,1";"6,0";"6,6";"8,3";"7,0";"6,9";"6,5";"5,8";"4,8";"5,7";"5,4";"6,7";"7,0";"7,0";"6,5";"7,1";"6,5";"9,4";"7,6";"9,7";"9,9";"8,7";"8,9";"9,0";"10,6";"12,2";"15,0";"13,9";"15,6";"13,9";"13,4";"15,9";"...";"...";"...";"...";"...";"...";"...";"...";"6,8";"3,9";"4,0";"6,8";"5,0";"7,9"
"25 a 39 anos";"Pará";"7,1";"7,0";"6,3";"6,5";"6,8";"6,8";"7,2";"5,8";"6,8";"6,1";"7,4";"6,8";"8,4";"8,7";"8,0";"8,4";"8,9";"10,1";"10,3";"11,2";"13,0";"10,7";"11,2";"9,3";"11,4";"11,3";"9,4";"10,3";"11,6";"10,8";"10,6";"9,6";"11,1";"...";"...";"...";"...";"...";"...";"...";"...";"8,3";"8,8";"8,5";"10,0";"8,5";"7,8"
"25 a 39 anos";"Amapá";"12,4";"13,5";"13,9";"11,3";"9,7";"13,6";"9,6";"8,0";"8,9";"8,1";"8,2";"8,7";"9,1";"9,3";"11,1";"11,9";"13,6";"16,4";"13,3";"17,6";"16,5";"17,2";"15,4";"16,3";"19,9";"20,2";"18,4";"18,4";"19,4";"15,8";"16,3";"14,7";"16,8";"...";"...";"...";"...";"...";"...";"...";"...";"11,7";"11,9";"13,1";"12,0";"12,1";"12,8"
"25 a 39 anos";"Tocantins";"7,8";"7,0";"7,0";"6,7";"6,6";"7,6";"5,1";"4,7";"7,8";"6,8";"6,1";"5,6";"7,4";"6,3";"7,9";"5,9";"10,2";"9,7";"8,4";"10,2";"11,0";"9,6";"10,1";"8,2";"8,6";"9,0";"7,1";"9,3";"11,2";"10,3";"9,4";"9,0";"11,5";"...";"...";"...";"...";"...";"...";"...";"...";"4,1";"5,0";"4,8";"5,6";"5,9";"4,8"
"25 a 39 anos";"Maranhão";"7,7";"9,4";"7,5";"7,1";"8,9";"8,6";"7,4";"5,3";"6,1";"7,3";"6,7";"7,6";"8,7";"8,5";"8,3";"7,7";"10,2";"12,0";"11,6";"12,2";"15,4";"14,6";"13,8";"13,3";"15,8";"13,7";"13,7";"13,6";"16,5";"14,9";"13,8";"12,5";"15,6";"...";"...";"...";"...";"...";"...";"...";"...";"9,8";"9,7";"8,0";"9,7";"8,9";"6,1"
"25 a 39 anos";"Piauí";"7,4";"6,7";"6,0";"7,7";"8,7";"7,4";"7,2";"6,7";"6,9";"6,6";"5,7";"6,6";"9,1";"7,5";"7,9";"7,4";"9,9";"9,7";"10,1";"8,1";"14,1";"12,4";"13,3";"13,5";"13,4";"13,7";"12,9";"11,7";"13,5";"13,2";"12,4";"14,6";"13,9";"...";"...";"...";"...";"...";"...";"...";"...";"8,9";"9,2";"9,8";"10,3";"9,4";"9,4"
"25 a 39 anos";"Ceará";"6,5";"7,0";"7,5";"7,0";"8,0";"8,4";"6,4";"6,4";"7,4";"6,5";"6,6";"6,2";"7,0";"8,4";"9,3";"8,0";"10,7";"9,5";"11,6";"11,7";"13,5";"12,3";"10,9";"10,8";"11,5";"11,1";"10,3";"9,4";"11,1";"11,2";"10,9";"9,6";"11,2";"...";"...";"...";"...";"...";"...";"...";"...";"10,1";"8,1";"7,3";"8,7";"8,5";"9,2"
"25 a 39 anos";"Rio Grande do Norte";"11,5";"11,3";"10,8";"10,9";"11,1";"10,6";"8,5";"8,6";"10,9";"11,2";"9,6";"8,4";"10,5";"10,5";"12,0";"12,1";"13,6";"11,1";"12,0";"12,8";"15,0";"15,3";"13,5";"11,6";"13,7";"11,9";"12,8";"12,7";"13,8";"12,2";"12,9";"12,4";"13,7";"...";"...";"...";"...";"...";"...";"...";"...";"11,2";"10,8";"10,1";"12,1";"10,0";"10,4"
"25 a 39 anos";"Paraíba";"9,0";"8,0";"7,4";"8,5";"9,2";"8,7";"8,2";"7,7";"9,0";"8,8";"7,9";"8,2";"9,6";"8,9";"9,8";"9,3";"9,4";"10,6";"12,5";"11,2";"12,8";"11,0";"11,5";"10,7";"11,6";"10,6";"10,8";"10,2";"10,4";"10,9";"11,0";"11,0";"12,1";"...";"...";"...";"...";"...";"...";"...";"...";"11,4";"9,6";"10,2";"11,3";"10,5";"8,9"
"25 a 39 anos";"Pernambuco";"9,3";"8,3";"9,2";"9,1";"10,5";"10,7";"7,9";"6,7";"7,8";"8,1";"8,0";"8,1";"8,6";"9,4";"11,9";"10,3";"12,8";"13,7";"13,9";"15,6";"16,4";"17,7";"16,5";"14,7";"16,0";"16,0";"15,8";"14,5";"15,6";"14,7";"14,9";"13,6";"13,1";"...";"...";"...";"...";"...";"...";"...";"...";"13,2";"13,0";"11,8";"13,0";"13,5";"13,2"
"25 a 39 anos";"Alagoas";"9,8";"10,9";"10,9";"10,7";"11,8";"10,3";"9,4";"8,7";"8,9";"8,7";"9,6";"8,9";"10,1";"11,7";"9,7";"10,7";"11,7";"12,5";"13,8";"14,4";"17,4";"18,3";"15,6";"16,4";"17,8";"17,6";"17,0";"15,6";"15,7";"14,4";"14,5";"12,6";"14,7";"...";"...";"...";"...";"...";"...";"...";"...";"10,3";"9,7";"8,7";"9,8";"9,1";"9,3"
"25 a 39 anos";"Sergipe";"9,7";"10,2";"10,1";"9,0";"10,5";"11,0";"8,9";"8,2";"8,0";"9,6";"9,4";"9,3";"7,7";"8,4";"8,4";"10,1";"11,0";"13,0";"14,1";"16,1";"16,6";"15,1";"14,7";"13,2";"16,0";"16,2";"14,9";"15,5";"16,3";"15,3";"13,6";"14,1";"15,2";"...";"...";"...";"...";"...";"...";"...";"...";"11,4";"11,7";"10,6";"11,6";"9,7";"8,3"
"25 a 39 anos";"Bahia";"10,2";"10,7";"10,1";"9,8";"13,0";"12,1";"10,3";"8,3";"10,5";"8,7";"9,3";"8,9";"10,0";"11,3";"12,5";"11,9";"14,2";"14,3";"14,7";"15,2";"16,7";"16,8";"15,2";"14,1";"17,3";"16,2";"16,0";"15,6";"17,3";"15,9";"15,0";"15,1";"16,1";"...";"...";"...";"...";"...";"...";"...";"...";"14,8";"14,3";"12,4";"14,2";"13,1";"12,6"
"25 a 39 anos";"Minas Gerais";"7,1";"6,7";"5,6";"5,3";"6,5";"6,1";"5,2";"5,2";"6,0";"5,7";"5,8";"5,5";"7,1";"7,0";"8,0";"8,0";"9,9";"9,5";"9,7";"9,7";"12,0";"9,8";"10,0";"8,7";"10,5";"8,7";"7,9";"8,0";"9,6";"8,0";"8,2";"8,3";"10,4";"...";"...";"...";"...";"...";"...";"...";"...";"6,0";"5,3";"5,1";"6,3";"5,2";"5,2"
"25 a 39 anos";"Espírito Santo";"6,8";"6,6";"6,3";"6,1";"7,3";"6,9";"6,4";"4,8";"6,2";"6,4";"5,4";"6,0";"6,6";"5,7";"7,3";"7,9";"9,0";"10,0";"11,4";"12,5";"12,9";"11,5";"11,8";"10,3";"10,9";"10,6";"9,7";"8,7";"11,4";"9,4";"9,4";"9,2";"10,2";"...";"...";"...";"...";"...";"...";"...";"...";"6,5";"6,0";"6,0";"5,3";"6,4";"4,8"
"25 a 39 anos";"Rio de Janeiro";"7,8";"7,4";"7,4";"6,9";"6,8";"6,7";"6,7";"6,0";"5,9";"6,0";"5,8";"5,7";"6,3";"6,9";"8,1";"8,4";"9,3";"10,7";"11,9";"13,6";"14,9";"15,8";"14,3";"14,8";"14,7";"15,3";"14,4";"14,8";"14,9";"14,6";"14,4";"13,0";"14,0";"...";"...";"...";"...";"...";"...";"...";"...";"11,5";"11,3";"11,1";"11,0";"10,7";"10,0"
"25 a 39 anos";"São Paulo";"6,5";"6,7";"6,5";"6,6";"7,5";"6,9";"6,9";"6,7";"6,8";"6,5";"6,8";"6,9";"8,4";"8,8";"9,2";"9,8";"10,3";"10,8";"11,2";"11,0";"12,8";"11,9";"11,1";"11,2";"11,8";"11,7";"11,4";"11,1";"11,5";"11,1";"10,2";"10,4";"10,4";"...";"...";"...";"...";"...";"...";"...";"...";"7,6";"7,5";"6,1";"7,7";"7,0";"6,2"
"25 a 39 anos";"Paraná";"4,8";"4,1";"3,6";"4,0";"4,0";"3,9";"4,1";"3,6";"3,7";"3,6";"3,9";"3,2";"4,6";"5,0";"5,5";"4,7";"6,8";"6,5";"7,6";"7,2";"8,4";"7,2";"6,9";"6,4";"8,2";"7,4";"8,2";"6,2";"7,5";"8,2";"8,3";"5,5";"6,8";"...";"...";"...";"...";"...";"...";"...";"...";"4,8";"3,9";"4,5";"4,6";"3,8";"4,0"
"25 a 39 anos";"Santa Catarina";"3,4";"3,4";"2,9";"2,2";"2,7";"3,1";"2,4";"2,5";"2,5";"2,4";"2,6";"2,3";"3,7";"3,2";"3,9";"3,7";"4,9";"5,7";"5,4";"4,8";"6,1";"5,7";"5,2";"4,6";"5,1";"5,1";"5,0";"5,1";"6,0";"5,1";"4,3";"3,9";"4,3";"...";"...";"...";"...";"...";"...";"...";"...";"3,2";"3,4";"2,4";"3,3";"2,6";"3,1"
"25 a 39 anos";"Rio Grande do Sul";"4,5";"4,8";"4,4";"3,8";"4,9";"4,2";"4,7";"4,3";"5,0";"4,5";"4,5";"3,8";"4,6";"5,5";"6,3";"5,9";"5,6";"7,5";"7,9";"7,9";"8,2";"8,1";"7,4";"7,6";"7,8";"7,5";"7,5";"6,6";"6,7";"7,3";"8,1";"6,5";"8,1";"...";"...";"...";"...";"...";"...";"...";"...";"5,9";"5,1";"3,6";"4,9";"4,2";"4,4"
"25 a 39 anos";"Mato Grosso do Sul";"6,1";"5,1";"3,5";"4,3";"4,0";"4,3";"3,7";"4,4";"4,4";"3,7";"3,8";"3,4";"5,3";"5,2";"4,9";"4,8";"6,8";"5,2";"6,6";"6,7";"8,1";"7,8";"7,4";"5,4";"6,5";"6,6";"6,0";"5,6";"7,0";"6,0";"7,1";"4,5";"6,8";"...";"...";"...";"...";"...";"...";"...";"...";"4,6";"4,3";"2,6";"3,1";"3,4";"3,6"
"25 a 39 anos";"Mato Grosso";"5,9";"5,2";"4,9";"4,2";"4,8";"4,0";"3,3";"3,7";"4,4";"3,5";"3,5";"3,9";"5,1";"5,3";"5,4";"4,9";"8,9";"10,2";"8,4";"8,5";"9,6";"8,1";"8,1";"6,7";"8,4";"7,3";"5,2";"5,7";"8,3";"7,2";"6,1";"5,7";"7,0";"...";"...";"...";"...";"...";"...";"...";"...";"4,0";"3,8";"3,5";"3,6";"2,6";"1,9"
"25 a 39 anos";"Goiás";"5,4";"4,8";"4,9";"4,8";"5,4";"4,2";"4,9";"3,2";"4,7";"4,0";"4,6";"4,2";"6,2";"7,0";"6,8";"6,8";"9,1";"9,0";"8,5";"9,6";"10,9";"8,9";"7,1";"8,1";"8,8";"7,5";"7,4";"7,3";"9,9";"8,6";"8,6";"9,2";"9,4";"...";"...";"...";"...";"...";"...";"...";"...";"5,8";"5,3";"6,4";"6,3";"5,9";"5,6"
"25 a 39 anos";"Distrito Federal";"7,8";"8,1";"7,3";"8,8";"9,5";"8,0";"7,8";"8,2";"7,8";"8,7";"8,5";"7,6";"8,7";"8,9";"9,4";"8,9";"9,8";"9,2";"10,7";"13,0";"11,9";"12,1";"9,5";"12,3";"11,1";"10,5";"11,4";"10,7";"12,8";"12,3";"11,3";"11,3";"11,8";"...";"...";"...";"...";"...";"...";"...";"...";"8,4";"8,9";"8,4";"10,1";"7,8";"8,2"
"40 a 59 anos";"Brasil";"4,0";"3,6";"3,6";"3,4";"4,0";"3,8";"3,4";"3,2";"3,7";"3,5";"3,3";"3,3";"4,0";"4,4";"4,6";"4,9";"5,9";"6,3";"6,7";"6,9";"7,9";"7,6";"7,4";"6,9";"7,8";"7,5";"6,9";"6,9";"7,5";"7,2";"7,1";"6,5";"7,5";"8,7";"9,9";"8,9";"9,6";"9,5";"8,2";"7,2";"7,1";"6,0";"5,6";"5,3";"5,6";"5,3";"5,1"
"40 a 59 anos";"Rondônia";"3,5";"2,6";"2,7";"2,1";"2,7";"2,5";"2,4";"2,5";"2,0";"1,8";"2,2";"1,6";"2,1";"2,5";"4,3";"2,2";"3,7";"2,6";"3,1";"4,2";"4,2";"4,7";"3,7";"5,4";"4,7";"4,4";"3,8";"3,5";"4,5";"3,8";"3,4";"3,0";"2,3";"...";"...";"...";"...";"...";"...";"...";"...";"2,1";"1,8";"1,7";"2,1";"1,1";"0,7"
"40 a 59 anos";"Acre";"2,7";"3,5";"2,0";"2,1";"4,2";"3,0";"3,6";"2,8";"3,1";"3,3";"2,5";"2,0";"3,7";"4,3";"3,6";"3,3";"4,1";"4,2";"5,6";"5,0";"8,6";"7,0";"5,5";"5,6";"6,3";"5,9";"6,2";"6,5";"8,9";"6,8";"5,6";"7,3";"7,3";"...";"...";"...";"...";"...";"...";"...";"...";"6,1";"6,2";"4,9";"4,8";"4,5";"3,2"
"40 a 59 anos";"Amazonas";"5,0";"4,4";"5,1";"3,2";"4,4";"4,5";"3,1";"3,4";"3,9";"3,6";"3,3";"3,2";"4,4";"4,6";"4,2";"3,8";"6,1";"6,1";"6,9";"7,0";"8,6";"9,3";"9,2";"7,7";"8,3";"7,8";"7,7";"8,0";"8,4";"7,9";"6,3";"7,3";"8,3";"...";"...";"...";"...";"...";"...";"...";"...";"5,6";"4,6";"5,3";"5,5";"6,4";"5,0"
"40 a 59 anos";"Roraima";"3,4";"2,8";"3,1";"3,5";"2,8";"3,3";"2,9";"2,4";"2,5";"1,5";"2,4";"2,2";"5,4";"3,6";"4,7";"4,0";"3,9";"3,7";"5,6";"4,5";"5,2";"6,3";"5,0";"4,5";"4,3";"6,0";"8,5";"5,7";"7,6";"7,3";"9,4";"9,0";"8,4";"...";"...";"...";"...";"...";"...";"...";"...";"4,1";"3,1";"3,4";"4,5";"3,6";"4,7"
"40 a 59 anos";"Pará";"3,6";"3,5";"2,6";"3,1";"3,4";"3,3";"3,4";"2,9";"4,4";"3,8";"3,4";"3,0";"4,4";"4,2";"3,8";"3,5";"4,7";"5,7";"5,7";"6,0";"8,2";"6,4";"6,3";"6,1";"7,0";"6,2";"6,4";"4,9";"6,4";"6,4";"6,3";"5,6";"6,1";"...";"...";"...";"...";"...";"...";"...";"...";"5,3";"5,2";"4,7";"5,8";"5,2";"5,3"
"40 a 59 anos";"Amapá";"4,2";"5,3";"5,8";"4,4";"3,8";"5,5";"5,1";"3,2";"5,1";"5,0";"5,1";"4,0";"2,8";"2,9";"4,8";"3,6";"6,0";"5,2";"6,6";"8,5";"8,3";"8,0";"7,2";"9,2";"11,8";"10,0";"7,2";"10,0";"9,5";"7,0";"7,3";"7,1";"7,7";"...";"...";"...";"...";"...";"...";"...";"...";"5,1";"5,7";"7,6";"6,7";"6,5";"7,2"
"40 a 59 anos";"Tocantins";"4,6";"4,2";"2,8";"2,7";"5,3";"4,2";"3,7";"2,9";"4,0";"3,5";"3,1";"3,1";"4,1";"3,7";"4,1";"6,2";"5,0";"5,0";"6,0";"7,1";"6,8";"7,8";"7,0";"6,0";"6,3";"6,9";"5,4";"5,3";"7,9";"7,6";"6,5";"3,8";"6,7";"...";"...";"...";"...";"...";"...";"...";"...";"3,2";"3,1";"2,8";"3,8";"3,9";"2,2"
"40 a 59 anos";"Maranhão";"3,1";"3,8";"3,4";"2,9";"4,2";"3,4";"3,3";"2,7";"2,9";"3,0";"2,5";"2,5";"3,9";"3,4";"4,3";"3,8";"5,2";"5,8";"5,8";"7,0";"7,9";"8,6";"8,4";"7,6";"8,2";"7,7";"7,3";"7,9";"9,0";"7,8";"7,2";"5,8";"9,2";"...";"...";"...";"...";"...";"...";"...";"...";"5,9";"5,3";"4,9";"5,5";"5,3";"4,4"
"40 a 59 anos";"Piauí";"2,4";"2,7";"2,6";"2,9";"3,7";"3,3";"3,9";"3,9";"3,6";"3,5";"2,8";"2,3";"3,1";"3,7";"3,8";"2,7";"4,3";"4,8";"4,5";"5,7";"8,2";"8,8";"6,1";"7,1";"8,5";"7,7";"7,1";"9,2";"8,3";"8,6";"9,0";"8,3";"9,2";"...";"...";"...";"...";"...";"...";"...";"...";"5,8";"5,5";"5,4";"6,0";"6,2";"6,5"
"40 a 59 anos";"Ceará";"3,0";"3,7";"4,2";"3,7";"4,3";"3,6";"3,3";"3,6";"4,0";"3,7";"3,4";"3,6";"4,3";"3,9";"4,6";"4,4";"5,2";"5,7";"6,9";"6,2";"7,6";"7,2";"5,9";"5,8";"6,8";"5,6";"5,9";"4,5";"5,4";"5,0";"6,4";"5,2";"7,0";"...";"...";"...";"...";"...";"...";"...";"...";"5,6";"4,8";"5,5";"5,9";"5,4";"6,4"
"40 a 59 anos";"Rio Grande do Norte";"4,6";"5,4";"5,3";"4,4";"6,4";"4,9";"5,4";"5,6";"5,8";"5,3";"5,3";"5,5";"6,0";"5,8";"6,6";"6,0";"7,0";"7,6";"7,8";"9,1";"10,1";"8,6";"9,1";"7,3";"8,3";"7,5";"7,0";"8,6";"8,4";"8,2";"7,8";"7,3";"9,4";"...";"...";"...";"...";"...";"...";"...";"...";"6,2";"6,3";"5,3";"8,5";"7,3";"6,9"
"40 a 59 anos";"Paraíba";"5,1";"5,5";"4,3";"3,8";"4,2";"5,4";"4,2";"4,0";"5,2";"3,9";"4,4";"3,5";"4,5";"4,2";"5,1";"4,5";"5,0";"5,0";"6,6";"6,5";"7,8";"6,0";"5,6";"4,3";"5,9";"6,1";"5,8";"5,4";"5,8";"6,7";"7,0";"8,3";"8,5";"...";"...";"...";"...";"...";"...";"...";"...";"7,4";"7,1";"6,5";"6,5";"6,4";"5,3"
"40 a 59 anos";"Pernambuco";"5,8";"4,6";"5,5";"5,2";"5,9";"4,5";"4,4";"4,1";"5,0";"4,6";"4,7";"4,2";"4,5";"5,4";"6,3";"6,6";"7,5";"7,5";"9,5";"8,4";"10,1";"10,5";"11,5";"10,6";"11,4";"10,5";"9,8";"9,2";"9,4";"10,4";"10,1";"9,0";"9,9";"...";"...";"...";"...";"...";"...";"...";"...";"8,8";"9,4";"9,0";"9,6";"9,9";"8,8"
"40 a 59 anos";"Alagoas";"5,7";"5,4";"5,3";"4,5";"4,9";"5,2";"4,4";"3,3";"4,1";"4,8";"4,3";"4,4";"6,3";"6,4";"5,7";"5,3";"5,6";"7,6";"7,9";"7,8";"9,6";"9,1";"9,4";"8,8";"10,4";"9,1";"10,4";"7,9";"8,8";"8,5";"8,3";"6,8";"8,8";"...";"...";"...";"...";"...";"...";"...";"...";"6,0";"5,8";"5,1";"5,4";"5,5";"4,7"
"40 a 59 anos";"Sergipe";"4,9";"4,6";"4,9";"3,3";"6,1";"5,4";"5,1";"4,4";"4,2";"3,7";"3,1";"3,8";"4,2";"3,8";"4,0";"4,4";"6,9";"7,0";"8,8";"8,7";"9,7";"8,9";"9,0";"9,3";"10,2";"9,8";"11,1";"8,9";"8,2";"8,0";"8,9";"8,3";"8,3";"...";"...";"...";"...";"...";"...";"...";"...";"8,4";"7,6";"7,7";"7,2";"6,8";"7,6"
"40 a 59 anos";"Bahia";"6,4";"5,9";"6,1";"7,1";"8,3";"7,4";"6,3";"5,6";"6,2";"5,9";"5,5";"6,0";"6,4";"8,2";"7,9";"7,2";"9,2";"8,9";"10,1";"10,3";"12,2";"11,3";"10,3";"9,8";"11,4";"10,3";"9,2";"11,4";"11,5";"10,7";"11,0";"11,2";"13,2";"...";"...";"...";"...";"...";"...";"...";"...";"10,0";"10,3";"9,1";"9,4";"9,0";"9,2"
"40 a 59 anos";"Minas Gerais";"3,7";"3,2";"3,5";"3,1";"4,2";"3,7";"2,8";"2,8";"3,7";"3,6";"3,4";"3,4";"4,5";"4,2";"4,4";"5,6";"6,1";"6,2";"6,7";"6,7";"8,2";"7,1";"7,4";"6,2";"7,7";"6,9";"6,2";"6,0";"7,0";"6,0";"6,2";"5,9";"7,1";"...";"...";"...";"...";"...";"...";"...";"...";"4,4";"3,8";"3,9";"4,4";"3,9";"3,6"
"40 a 59 anos";"Espírito Santo";"3,9";"3,7";"3,7";"3,2";"3,6";"4,5";"4,2";"3,3";"3,8";"3,7";"3,2";"3,0";"3,1";"3,7";"4,8";"4,9";"6,4";"6,6";"7,7";"8,2";"9,3";"8,2";"7,6";"6,9";"7,2";"6,7";"6,8";"6,0";"6,5";"6,7";"7,1";"6,2";"7,1";"...";"...";"...";"...";"...";"...";"...";"...";"5,6";"4,6";"4,7";"4,5";"4,6";"3,2"
"40 a 59 anos";"Rio de Janeiro";"5,1";"4,2";"3,9";"3,7";"3,9";"3,8";"3,8";"3,4";"3,7";"3,8";"3,8";"3,5";"3,4";"4,1";"4,6";"5,1";"5,7";"7,1";"7,7";"8,6";"8,8";"10,0";"9,9";"10,0";"10,3";"10,4";"9,6";"9,7";"10,0";"10,1";"9,4";"9,0";"9,8";"...";"...";"...";"...";"...";"...";"...";"...";"9,5";"8,6";"8,1";"8,1";"7,7";"8,1"
"40 a 59 anos";"São Paulo";"4,2";"3,5";"3,7";"3,2";"3,6";"3,9";"3,6";"3,1";"3,6";"3,8";"3,7";"3,4";"4,4";"4,7";"4,8";"5,6";"6,6";"6,9";"7,3";"7,3";"7,7";"7,9";"7,9";"7,2";"8,1";"8,1";"7,4";"7,4";"8,2";"7,6";"7,0";"6,8";"7,2";"...";"...";"...";"...";"...";"...";"...";"...";"6,4";"5,8";"5,6";"5,9";"5,2";"4,8"
"40 a 59 anos";"Paraná";"2,5";"2,5";"2,3";"2,0";"2,3";"2,0";"1,8";"2,0";"2,0";"1,8";"1,9";"1,8";"2,1";"3,5";"3,4";"3,2";"4,3";"4,9";"4,4";"4,1";"6,1";"5,2";"5,0";"5,1";"5,5";"5,5";"4,5";"4,7";"4,4";"4,5";"5,4";"3,9";"4,6";"...";"...";"...";"...";"...";"...";"...";"...";"3,8";"3,2";"3,0";"2,9";"3,2";"2,8"
"40 a 59 anos";"Santa Catarina";"2,1";"1,9";"1,5";"1,2";"1,7";"1,8";"1,4";"1,3";"1,6";"1,1";"1,2";"1,1";"1,5";"1,9";"2,0";"1,8";"3,0";"3,6";"3,5";"3,4";"4,4";"4,3";"3,8";"3,4";"3,6";"3,6";"3,3";"4,4";"4,0";"3,3";"3,7";"3,4";"3,1";"...";"...";"...";"...";"...";"...";"...";"...";"2,5";"2,2";"1,9";"2,1";"2,2";"2,2"
"40 a 59 anos";"Rio Grande do Sul";"2,4";"2,1";"2,4";"2,5";"2,5";"2,2";"2,2";"2,4";"2,5";"2,2";"2,0";"2,2";"2,4";"2,6";"3,1";"3,0";"3,6";"4,5";"4,2";"4,6";"5,4";"4,7";"4,3";"4,3";"4,8";"4,9";"5,3";"4,4";"4,4";"4,9";"5,4";"4,0";"5,0";"...";"...";"...";"...";"...";"...";"...";"...";"3,5";"4,0";"3,4";"3,0";"3,4";"3,5"
"40 a 59 anos";"Mato Grosso do Sul";"3,7";"3,6";"2,8";"2,6";"2,6";"2,5";"2,4";"2,5";"2,7";"2,2";"2,1";"1,9";"2,8";"4,1";"3,3";"3,3";"4,8";"4,1";"4,5";"5,0";"5,9";"4,7";"4,0";"4,5";"5,2";"4,1";"4,1";"4,0";"7,3";"4,4";"4,4";"3,6";"4,0";"...";"...";"...";"...";"...";"...";"...";"...";"2,9";"3,5";"1,8";"2,7";"2,8";"2,5"
"40 a 59 anos";"Mato Grosso";"3,4";"3,0";"2,2";"1,9";"2,9";"2,2";"1,8";"1,5";"2,1";"1,8";"1,4";"1,5";"2,5";"3,2";"4,1";"3,6";"4,9";"5,0";"4,9";"6,5";"6,4";"5,7";"5,9";"4,2";"5,5";"5,4";"3,8";"4,0";"5,0";"4,8";"4,5";"3,7";"5,0";"...";"...";"...";"...";"...";"...";"...";"...";"2,2";"2,1";"1,9";"2,3";"1,7";"1,2"
"40 a 59 anos";"Goiás";"2,8";"2,7";"2,4";"2,7";"3,8";"3,1";"2,5";"2,2";"2,8";"2,5";"2,2";"2,3";"3,5";"3,9";"4,3";"4,9";"5,5";"5,2";"6,2";"6,0";"8,1";"6,3";"5,0";"5,0";"5,8";"5,9";"5,0";"4,2";"6,2";"6,3";"6,7";"5,1";"6,2";"...";"...";"...";"...";"...";"...";"...";"...";"3,9";"4,1";"3,9";"4,4";"3,5";"3,7"
"40 a 59 anos";"Distrito Federal";"3,6";"3,5";"4,3";"3,4";"4,1";"4,7";"4,0";"3,6";"4,7";"4,6";"3,5";"3,9";"4,9";"4,6";"4,5";"4,8";"6,6";"6,4";"5,6";"7,1";"6,4";"5,8";"6,6";"6,4";"7,5";"6,3";"6,6";"6,1";"6,7";"6,3";"6,9";"5,5";"8,5";"...";"...";"...";"...";"...";"...";"...";"...";"5,9";"5,6";"5,2";"6,9";"5,0";"4,4"
"60 anos ou mais";"Brasil";"2,1";"2,2";"1,7";"2,0";"2,1";"1,8";"1,9";"1,6";"2,1";"1,9";"1,9";"2,1";"2,1";"2,6";"2,8";"2,6";"3,4";"3,8";"3,7";"3,4";"4,6";"4,6";"4,3";"4,2";"4,6";"4,5";"4,5";"4,0";"4,5";"4,9";"4,6";"4,2";"4,4";"4,8";"5,3";"5,2";"5,9";"5,6";"5,4";"4,4";"4,3";"4,0";"3,7";"3,4";"3,9";"3,4";"3,2"
"60 anos ou mais";"Rondônia";"2,6";"0,8";"0,7";"0,9";"0,9";"-";"0,9";"1,0";"2,1";"0,7";"0,5";"0,3";"0,9";"2,8";"2,0";"1,6";"2,7";"0,8";"1,9";"1,6";"0,4";"0,8";"2,4";"3,1";"1,0";"2,2";"3,2";"4,6";"2,5";"1,5";"1,7";"0,7";"1,3";"...";"...";"...";"...";"...";"...";"...";"...";"0,7";"0,2";"-";"1,3";"0,5";"0,7"
"60 anos ou mais";"Acre";"0,3";"2,5";"1,4";"1,6";"1,2";"2,0";"1,1";"1,5";"-";"4,0";"1,6";"1,1";"0,7";"1,9";"0,3";"1,3";"2,7";"1,3";"2,5";"1,2";"3,1";"2,3";"3,5";"3,0";"2,1";"3,9";"2,5";"3,6";"1,7";"2,4";"2,5";"3,0";"4,7";"...";"...";"...";"...";"...";"...";"...";"...";"1,7";"0,3";"4,8";"2,3";"4,4";"1,6"
"60 anos ou mais";"Amazonas";"2,7";"1,9";"1,2";"0,8";"2,1";"2,0";"1,4";"1,1";"0,8";"0,7";"1,1";"1,0";"1,2";"1,8";"1,5";"1,1";"1,5";"4,6";"3,9";"4,1";"3,5";"2,5";"1,9";"4,6";"4,2";"2,1";"3,1";"3,5";"2,7";"5,0";"3,4";"2,6";"2,9";"...";"...";"...";"...";"...";"...";"...";"...";"2,7";"2,8";"3,6";"1,3";"2,3";"2,3"
"60 anos ou mais";"Roraima";"1,2";"-";"2,3";"1,0";"0,7";"1,1";"-";"0,7";"-";"1,0";"1,8";"0,3";"3,3";"1,4";"2,2";"1,7";"4,3";"3,4";"2,1";"5,5";"0,7";"2,8";"1,4";"3,2";"7,7";"5,5";"6,9";"7,0";"4,5";"3,6";"6,5";"2,7";"6,8";"...";"...";"...";"...";"...";"...";"...";"...";"1,4";"3,7";"1,2";"3,7";"1,7";"2,3"
"60 anos ou mais";"Pará";"1,3";"2,6";"1,0";"1,0";"1,5";"0,6";"1,1";"1,2";"1,7";"1,8";"1,6";"1,0";"2,0";"0,9";"1,6";"1,2";"2,7";"1,4";"3,4";"2,0";"4,7";"3,9";"2,4";"2,5";"3,9";"2,6";"3,9";"1,7";"3,6";"2,1";"3,7";"2,7";"3,3";"...";"...";"...";"...";"...";"...";"...";"...";"3,2";"3,5";"0,8";"5,0";"3,8";"2,6"
"60 anos ou mais";"Amapá";"2,3";"0,5";"7,5";"-";"2,1";"0,6";"-";"0,5";"2,6";"0,1";"-";"-";"2,5";"1,8";"2,7";"1,6";"4,1";"5,9";"2,5";"2,0";"1,7";"2,4";"4,7";"4,4";"3,7";"6,0";"2,6";"2,8";"0,7";"4,7";"2,6";"2,4";"3,1";"...";"...";"...";"...";"...";"...";"...";"...";"5,9";"2,3";"0,8";"1,9";"2,3";"4,6"
"60 anos ou mais";"Tocantins";"2,2";"3,1";"1,3";"4,2";"3,8";"1,7";"3,7";"0,4";"1,2";"2,1";"1,5";"1,6";"2,4";"0,8";"2,2";"1,1";"2,9";"0,3";"1,3";"5,7";"3,0";"5,1";"0,9";"3,1";"4,2";"1,9";"5,0";"3,6";"5,1";"3,0";"5,8";"3,6";"5,1";"...";"...";"...";"...";"...";"...";"...";"...";"0,8";"2,7";"1,9";"3,7";"4,1";"3,0"
"60 anos ou mais";"Maranhão";"0,6";"1,0";"0,9";"1,1";"1,3";"1,9";"0,9";"1,0";"1,4";"1,8";"0,9";"0,8";"1,2";"1,2";"1,4";"1,6";"2,8";"1,2";"2,0";"2,3";"3,2";"3,8";"3,6";"2,4";"4,5";"2,5";"2,8";"3,2";"3,7";"3,2";"3,8";"3,4";"3,8";"...";"...";"...";"...";"...";"...";"...";"...";"3,0";"2,6";"1,7";"1,7";"1,6";"1,1"
"60 anos ou mais";"Piauí";"2,3";"1,6";"0,9";"0,3";"0,9";"0,7";"1,7";"0,7";"1,3";"1,9";"1,2";"0,6";"1,0";"1,7";"2,5";"2,3";"1,2";"2,2";"2,8";"1,7";"1,9";"2,6";"1,8";"6,3";"3,3";"3,3";"3,9";"3,4";"2,1";"3,6";"3,9";"4,6";"2,3";"...";"...";"...";"...";"...";"...";"...";"...";"2,2";"1,6";"4,7";"2,5";"3,3";"3,9"
"60 anos ou mais";"Ceará";"1,6";"1,2";"1,2";"1,4";"1,6";"1,4";"1,6";"2,3";"1,8";"1,8";"1,7";"1,2";"1,3";"1,8";"2,0";"1,3";"3,1";"2,6";"2,8";"1,4";"2,0";"3,4";"2,1";"1,9";"3,2";"3,2";"2,1";"1,9";"2,2";"2,0";"4,1";"3,5";"1,5";"...";"...";"...";"...";"...";"...";"...";"...";"4,7";"2,9";"1,3";"3,1";"2,4";"2,4"
"60 anos ou mais";"Rio Grande do Norte";"4,0";"2,3";"2,2";"5,5";"3,7";"3,0";"2,1";"-";"3,0";"3,3";"1,9";"0,5";"1,6";"5,7";"2,1";"0,8";"2,0";"1,7";"1,6";"3,0";"3,0";"2,1";"4,2";"2,6";"4,1";"3,7";"4,0";"3,6";"1,3";"2,7";"4,0";"3,4";"6,3";"...";"...";"...";"...";"...";"...";"...";"...";"5,9";"3,3";"2,0";"2,9";"0,6";"2,1"
"60 anos ou mais";"Paraíba";"2,5";"1,2";"1,3";"1,4";"0,8";"1,2";"2,1";"3,4";"1,1";"2,5";"1,8";"1,3";"2,3";"3,6";"1,2";"2,1";"0,8";"2,3";"2,9";"1,2";"3,1";"2,9";"3,5";"1,1";"2,3";"1,0";"1,5";"2,4";"2,7";"2,8";"1,1";"2,5";"3,8";"...";"...";"...";"...";"...";"...";"...";"...";"4,2";"1,5";"1,8";"2,3";"3,1";"2,3"
"60 anos ou mais";"Pernambuco";"1,0";"1,6";"1,1";"0,7";"3,3";"1,7";"3,1";"1,7";"3,3";"2,5";"1,6";"1,6";"1,6";"2,1";"2,7";"2,8";"2,4";"3,6";"3,5";"2,7";"4,8";"5,8";"6,4";"5,1";"5,0";"5,3";"4,3";"3,5";"3,3";"4,2";"5,5";"4,2";"3,7";"...";"...";"...";"...";"...";"...";"...";"...";"4,9";"5,3";"3,1";"5,5";"4,3";"6,2"
"60 anos ou mais";"Alagoas";"1,3";"2,1";"2,0";"2,4";"3,1";"2,6";"3,9";"2,7";"2,4";"3,2";"1,2";"2,1";"3,3";"2,8";"1,6";"1,8";"3,5";"2,3";"3,8";"3,2";"2,7";"5,2";"3,2";"1,4";"2,0";"2,7";"2,0";"2,1";"3,9";"2,1";"2,4";"2,3";"2,5";"...";"...";"...";"...";"...";"...";"...";"...";"2,0";"3,4";"2,6";"3,5";"2,9";"1,3"
"60 anos ou mais";"Sergipe";"0,9";"2,3";"1,8";"1,2";"2,0";"1,6";"2,3";"1,2";"1,2";"1,9";"2,4";"1,7";"3,1";"6,2";"3,2";"3,2";"2,2";"2,1";"3,0";"4,2";"5,3";"1,9";"2,6";"3,5";"5,1";"5,5";"4,7";"2,5";"4,4";"2,5";"2,3";"3,4";"5,4";"...";"...";"...";"...";"...";"...";"...";"...";"6,2";"2,4";"1,6";"3,7";"2,6";"1,6"
"60 anos ou mais";"Bahia";"2,4";"3,1";"2,5";"3,4";"3,6";"2,5";"2,8";"2,3";"3,5";"3,2";"2,2";"3,0";"2,0";"4,2";"2,9";"2,6";"4,3";"5,7";"5,0";"5,9";"6,8";"6,8";"6,9";"4,5";"7,3";"6,1";"6,3";"5,2";"6,4";"7,6";"7,2";"5,5";"8,7";"...";"...";"...";"...";"...";"...";"...";"...";"6,9";"5,8";"4,6";"5,6";"3,8";"3,4"
"60 anos ou mais";"Minas Gerais";"2,5";"1,7";"1,6";"2,3";"2,2";"2,3";"1,5";"1,6";"2,6";"2,2";"2,2";"2,4";"2,5";"2,6";"3,2";"3,4";"4,0";"3,6";"4,2";"4,6";"6,7";"5,6";"5,5";"4,9";"5,1";"3,9";"4,1";"3,4";"5,0";"4,0";"4,0";"4,0";"4,4";"...";"...";"...";"...";"...";"...";"...";"...";"3,3";"3,4";"3,4";"2,7";"2,2";"3,2"
"60 anos ou mais";"Espírito Santo";"3,1";"1,4";"2,7";"1,2";"2,6";"2,5";"3,2";"2,1";"1,1";"1,5";"1,2";"1,8";"1,3";"1,9";"2,0";"3,2";"3,4";"4,6";"4,7";"4,7";"3,7";"3,5";"4,0";"4,7";"5,4";"5,6";"4,5";"4,8";"4,4";"4,1";"4,0";"2,8";"5,2";"...";"...";"...";"...";"...";"...";"...";"...";"2,3";"4,4";"4,1";"3,4";"1,7";"1,3"
"60 anos ou mais";"Rio de Janeiro";"2,0";"2,0";"2,0";"3,0";"2,5";"2,8";"2,7";"1,6";"2,0";"1,4";"2,1";"1,9";"2,6";"2,8";"3,3";"2,1";"3,8";"3,3";"3,3";"4,2";"5,0";"5,9";"5,4";"6,6";"6,6";"5,9";"4,8";"5,3";"5,7";"6,7";"7,1";"6,3";"5,7";"...";"...";"...";"...";"...";"...";"...";"...";"6,4";"6,0";"5,3";"6,1";"6,0";"5,1"
"60 anos ou mais";"São Paulo";"2,4";"3,1";"2,0";"2,1";"1,8";"1,8";"1,8";"1,6";"2,7";"2,2";"2,9";"3,3";"2,7";"3,4";"3,5";"3,8";"4,6";"5,6";"5,2";"3,6";"5,4";"5,2";"4,8";"5,5";"4,7";"6,1";"6,4";"5,3";"5,8";"6,3";"4,6";"4,8";"4,8";"...";"...";"...";"...";"...";"...";"...";"...";"4,0";"3,8";"4,5";"4,9";"4,2";"3,9"
"60 anos ou mais";"Paraná";"0,9";"2,1";"1,6";"1,7";"1,6";"1,2";"1,1";"1,5";"1,0";"0,5";"1,0";"0,9";"1,6";"1,7";"1,9";"2,2";"1,7";"2,3";"2,3";"3,3";"4,0";"3,6";"3,9";"2,7";"4,2";"3,1";"2,3";"2,3";"2,7";"4,3";"3,7";"4,0";"2,9";"...";"...";"...";"...";"...";"...";"...";"...";"3,0";"3,1";"2,4";"2,5";"2,9";"2,1"
"60 anos ou mais";"Santa Catarina";"0,9";"0,8";"1,6";"0,7";"1,3";"0,8";"1,0";"0,6";"0,6";"0,9";"0,7";"0,7";"1,0";"0,7";"0,9";"0,5";"1,6";"1,4";"1,1";"1,7";"2,3";"1,9";"2,3";"1,3";"1,4";"2,3";"3,1";"3,2";"2,3";"3,3";"2,5";"2,3";"2,6";"...";"...";"...";"...";"...";"...";"...";"...";"1,2";"1,0";"0,8";"1,5";"2,0";"1,2"
"60 anos ou mais";"Rio Grande do Sul";"2,2";"1,2";"1,3";"1,8";"2,7";"0,8";"1,0";"1,4";"1,3";"0,9";"1,0";"2,4";"1,5";"1,4";"2,7";"1,5";"1,8";"3,3";"2,1";"1,4";"2,3";"2,3";"2,4";"2,3";"3,1";"2,7";"2,6";"3,5";"3,0";"3,6";"4,1";"2,5";"2,5";"...";"...";"...";"...";"...";"...";"...";"...";"3,2";"2,9";"2,1";"2,2";"2,9";"3,1"
"60 anos ou mais";"Mato Grosso do Sul";"3,2";"4,4";"1,4";"1,2";"2,0";"2,7";"1,1";"1,6";"1,4";"1,8";"1,5";"0,8";"1,3";"2,2";"3,4";"2,5";"1,2";"3,4";"1,7";"3,8";"4,4";"4,9";"4,7";"2,2";"4,2";"1,5";"1,6";"1,9";"3,2";"5,1";"3,9";"3,7";"3,9";"...";"...";"...";"...";"...";"...";"...";"...";"2,7";"1,8";"1,9";"3,4";"1,7";"1,1"
"60 anos ou mais";"Mato Grosso";"1,4";"2,6";"2,0";"1,3";"0,9";"1,5";"1,3";"0,9";"1,2";"1,7";"0,9";"1,2";"2,7";"2,3";"2,1";"1,7";"2,9";"2,4";"2,0";"5,0";"2,6";"4,6";"2,3";"2,4";"3,5";"4,7";"4,5";"4,8";"3,5";"3,4";"5,0";"1,2";"3,5";"...";"...";"...";"...";"...";"...";"...";"...";"3,1";"2,7";"1,5";"1,8";"1,4";"0,9"
"60 anos ou mais";"Goiás";"2,9";"1,6";"2,3";"2,3";"1,3";"2,3";"1,5";"1,6";"0,9";"1,6";"1,4";"0,8";"1,9";"3,3";"2,3";"2,2";"3,8";"4,8";"2,5";"3,0";"4,7";"4,0";"3,1";"2,4";"2,5";"2,6";"3,5";"1,2";"3,3";"4,8";"3,1";"4,3";"4,1";"...";"...";"...";"...";"...";"...";"...";"...";"3,8";"2,4";"1,6";"2,5";"2,7";"1,0"
"60 anos ou mais";"Distrito Federal";"1,4";"2,0";"0,7";"1,1";"1,9";"2,5";"3,2";"1,6";"2,8";"2,7";"1,2";"1,4";"2,5";"1,2";"4,1";"2,0";"2,6";"1,6";"3,0";"3,2";"5,0";"3,9";"4,7";"2,0";"2,2";"3,3";"1,3";"3,0";"7,1";"5,7";"7,2";"5,8";"5,0";"...";"...";"...";"...";"...";"...";"...";"...";"5,0";"4,1";"4,3";"3,3";"2,6";"3,1"